"id","code","logo","name"
1,ACB,ACB.jpg,Ngân hàng TMCP Á Châu
2,TPBANK,TPBANK.jpg,Ngân hàng TMCP Tiên Phong
3,DAB,DAB.jpg,Ngân hàng TMCP Đông Á
4,SEABANK,SEABANK.jpg,Ngân Hàng TMCP Đông Nam Á
5,ABBANK,ABBANK.jpg,Ngân hàng TMCP An Bình
6,BACABANK,BACABANK.jpg,Ngân hàng TMCP Bắc Á
7,VIETCAPITALBANK,VIETCAPITALBANK.jpg,Ngân hàng TMCP Bản Việt
8,MSB,MSB.jpg,Ngân hàng TMCP Hàng hải Việt Nam
9,TCB,TCB.jpg,Ngân hàng TMCP Kỹ Thương Việt Nam
12,NCB,NCB.jpg,Ngân hàng TMCP Quốc Dân
18,VIB,VIB.jpg,Ngân hàng TMCP Quốc tế Việt Nam
19,SCB,SCB.jpg,Ngân hàng TMCP Sài Gòn
21,SHB,SHB.jpg,Ngân hàng TMCP Sài Gòn – Hà Nội
22,STB,STB.jpg,Ngân hàng TMCP Sài Gòn Thương Tín
23,VAB,VAB.jpg,Ngân hàng TMCP Việt Á
24,BVB,BVB.jpg,Ngân hàng TMCP Bảo Việt
25,VIETBANK,VIETBANK.jpg,Ngân hàng TMCP Việt Nam Thương Tín
27,EIB,EIB.jpg,Ngân Hàng TMCP Xuất Nhập khẩu Việt Nam
28,LPB,LPB.jpg,Ngân Hàng TMCP Bưu điện Liên Việt
29,VCB,VCB.jpg,Ngân Hàng TMCP Ngoại thương Việt Nam
30,CTG,CTG.jpg,Ngân Hàng TMCP Công Thương Việt Nam
31,BIDV,BIDV.jpg,Ngân Hàng TMCP Đầu tư và Phát triển Việt Nam
32,VBSP,VBSP.jpg,Ngân hàng Chính sách xã hội
14,HDBANK,HDBANK.png,Ngân hàng TMCP Phát triển Thành phố Hồ Chí Minh
10,KIENLONGBANK,KIENLONGBANK.png,Ngân hàng TMCP Kiên Long
16,MB,MB.png,Ngân hàng TMCP Quân đội
11,NAMABANK,NAMABANK.png,Ngân hàng TMCP Nam Á
15,OCB,OCB.png,Ngân hàng TMCP Phương Đông
26,PGBANK,PGBANK.png,Ngân Hàng TMCP Xăng Dầu Petrolimex
17,PVCOMBANK,PVCOMBANK.png,Ngân hàng TMCP Đại chúng
13,VPBANK,VPBANK.png,Ngân hàng TMCP Việt Nam Thịnh Vượng
20,SGB,SGB.jpg,Ngân hàng TMCP Sài Gòn Công Thương
34,CB,CB.jpg,Ngân hàng Thương mại TNHH MTV Xây dựng Việt Nam
35,OCEANBANK,OCEANBANK.jpg,Ngân hàng Thương mại TNHH MTV Đại Dương
36,GPBANK,GPBANK.jpg,Ngân hàng Thương mại TNHH MTV Dầu Khí Toàn Cầu
37,AGRIBANK,AGRIBANK.jpg,Ngân hàng Nông nghiệp và Phát triển Nông thôn Việt Nam
33,VDB,VDB.png,Ngân hàng Phát triển Việt Nam
